{
  "model_version": "v20250813_103924",
  "created_at": "2025-08-13T10:39:24.082084",
  "model_type": "LogisticRegression",
  "hyperparameters": {
    "C": 0.01,
    "class_weight": null,
    "max_iter": 1000,
    "solver": "saga"
  },
  "cv_results": {
    "precision_mean": 1.0,
    "precision_std": 0.0,
    "recall_mean": 0.9833333333333334,
    "recall_std": 0.010540925533894595,
    "f1_mean": 0.9915681526848028,
    "f1_std": 0.00535990619006051,
    "average_precision_mean": 0.9998924731182794,
    "average_precision_std": 0.00021505376344088667
  },
  "evaluation_results": {
    "pr_auc": 0.9999557029670536,
    "f1_score": 0.9932885906040269,
    "precision": 1.0,
    "recall": 0.9866666666666667,
    "classification_report": "              precision    recall  f1-score   support\n\n         Low       0.99      1.00      0.99       300\n        High       1.00      0.99      0.99       300\n\n    accuracy                           0.99       600\n   macro avg       0.99      0.99      0.99       600\nweighted avg       0.99      0.99      0.99       600\n",
    "confusion_matrix": [
      [
        300,
        0
      ],
      [
        4,
        296
      ]
    ]
  },
  "feature_importance_top20": {
    "feature_558": 1.0722951127637113,
    "feature_560": 0.35864329873913625,
    "feature_556": 0.27237983317840403,
    "feature_559": 0.20596401791581123,
    "feature_561": 0.15103537601969294,
    "feature_428": 0.047712230363514414,
    "feature_404": 0.03835637474434418,
    "feature_405": 0.03835637474434418,
    "feature_420": 0.03835637474434418,
    "feature_421": 0.03835637474434418,
    "feature_489": 0.03835637474434418,
    "feature_490": 0.03835637474434418,
    "feature_526": 0.03835637474434418,
    "feature_527": 0.03835637474434418,
    "feature_548": 0.03835637474434418,
    "feature_549": 0.03835637474434418,
    "feature_308": 0.03733437133816263,
    "feature_309": 0.03733437133816263,
    "feature_314": 0.03733437133816263,
    "feature_315": 0.03733437133816263
  },
  "training_samples": 8,
  "meets_acceptance_criteria": {
    "pr_auc_ge_070": true,
    "f1_score_ge_065": true,
    "overall_pass": true
  }
}